GA_SMILES,GA_ID
c1ccccc1,G874135
C1CC1,G699869
c1cncnc1,G533071
c1ccncc1,G289719
c1cscn1,G425213
C1CNC1,G638268
c1ccnnc1,G548180
c1ccoc1,G508744
c1ccsc1,G215294
c1cc[nH]c1,G804287
C1=CC=[N+]C=C1,G164840
c1c[nH]cn1,G670898
c1ncncn1,G283892
c1cc[cH-]c1,G218265
c1ncsn1,G707485
c1cn[nH]c1,G345123
C1CN1,G830115
c1cnoc1,G296672
c1cnsn1,G881361
C1=C[N+]=CC=N1,G736349
c1cn[nH]n1,G897627
C1CCC1,G592678
c1cnccn1,G210298
c1cocn1,G984848
c1cnncn1,G449678
c1cnsc1,G630096
C1NO1,G574120
C1=CC=C1,G331903
c1csnn1,G950072
c1c[nH]nn1,G900365
C1=CCC1,G240938
C1=NO[N+]=C1,G341591
C1COO1,G945821
c1nc[nH]n1,G184865
C1CO1,G807008
c1cnon1,G664998
C1COC1,G071221
C1CS1,G384299
c1nn[nH]n1,G952536
c1nnco1,G762525
C1=C[Si]1,G633799
C1=CSC=[N+]1,G110816
C1=C[N-][N+]=C1,G899811
C1OCO1,G641403
c1cnc[cH-]1,G558322
C1SS1,G918742
c1nncs1,G019705
c1cc[siH]cc1,G938477
c1ncon1,G822546
C1=CN=C[N+]=C1,G012791
c1ccccc#1,G056383
c1nnc[nH]1,G203620
B1CCC1,G185942
[CH-]1[N+]C[N+]1,G367727
C1CSC1,G650949
C1=CNC=[N+]1,G828739
c1nncnn1,G026853
C1=CP=C1,G331003
C1=CON=[N+]1,G292527
[C-]1=[C-][CH-][CH-][CH-]1,G625240
C1=CN[N+]=C1,G403692
c1nnn[nH]1,G902488
C1=CP1,G712051
C1N=N1,G617613
C1CP1,G624416
[c-]1[c-]cccc1,G049496
c1cc[se]c1,G204271
C1C[SiH]1,G405314
C1=CC=CSC=C1,G128565
C1=COC1,G460014
c1nnno1,G697673
C1=CC=C[Se]C=C1,G084169
c1cc[pH]c1,G717650
C1=[N+]C=[N+]C=[N+]1,G722086
[CH-]1[N+][N+]1,G699033
C1=C[N+][N+]1,G769832
C1=CN=N1,G536738
C1C[Si]C1,G070897
C1CPP1,G074535
C1C[N+]C1,G303884
C1NCN1,G859606
C1=CC=COC=C1,G233459
B1=CC=CC=[N+]1,G991587
N1=NO1,G588364
C1=CC=[N+]N=C1,G132875
C1OO1,G665817
c1cc[n-][cH+]c1,G289111
C1=CNC1,G761760
C1=C[N+]=C[CH-]1,G876093
N1=NN[N+]=N1,G112176
C1=CN1,G433518
[SiH]1[SiH]S1,G423363
C1C[N+]1,G430039
[c-]1cccc[o+]1,G470209
C1=[N+][CH-]C1,G714905
C1=CN=[N+]C=N1,G296666
c1cp[pH]c1,G727819
C1=C[N+]=CC=[N+]1,G028390
C1=CC1,G537918
P1=PP[P+]1,G050096
[C-]1=CC=CC=[N+]1,G051301
C1=C[N+]1,G835041
C1=COC=[N+]1,G860261
[C-]1=CCC1,G082929
C1=C[N+]=C1,G478515
C1=C[P+]1,G667606
C1=C=CC=CC=1,G321723
C1=C=CN=CC=1,G902248
B1CC1,G304207
C1=C[S+]=CC=[N+]1,G309241
C1=CN=[Si][Si]=C1,G275181
C1=PC=P1,G360698
c1cnnnc1,G889575
C1O[P+]1,G281457
[C-]1=[N+]C=CN1,G863781
c1c[s+]cs1,G300040
C1=N[N+]=CO1,G797939
c1c[cH-]nc1,G432181
[c-]1ccccc1,G797799
c1cs[nH]1,G402042
C1=C=C=C=1,G748690
C1=COC=CN1,G480767
c1conn1,G190717
c1c[se]cn1,G299785
N1[Si]NP1,G452426
c1c[s+]ns1,G744333
C1=CP=P1,G131666
C1[N+]N1,G969636
C1=N[N+]=CS1,G293996
C1=CSC1,G099452
C1SCS1,G992306
C1=CPC1,G334792
[c-]1[c-]nccc1,G189036
c1ccpcc1,G682218
C1=NN[N+]=C1,G291714
C1=CNNC=C1,G362269
O1OPO1,G370410
[c-]1ccccn1,G224219
C1=NNC=[N+]1,G680852
C1C[Si]1,G758523
C1=N[N+]=NN1,G774332
B1OOO1,G564229
[c-]1[c-]coc1,G836787
c1nnns1,G475050
C1=NNC1,G185711
C1=NC1,G418842
O1OSO1,G926110
C1=CO[CH-]N1,G990001
B1CP1,G005379
C1NN1,G336967
C1C[Si][N+]1,G991592
c1c[n-][nH+]c1,G816595
c1cnnnn1,G307051
[pH]1[pH][pH]1,G556512
C1=NC=[N+]C=N1,G276357
C1=N[N+]C1,G568414
n1n[n-][nH+]n1,G753507
c1cnn[cH-]1,G569961
C1=NP1,G927929
C1N[Si]N1,G473036
C1=C[Si]C1,G257759
c1[cH-]cnn1,G003261
N1PNP1,G155217
C1CPC1,G842832
c1c[pH]cp1,G179343
C1=C[Se]C=[N+]1,G197902
c1cn[pH]c1,G550912
C1C[NH+]C1,G491109
c1cccnc#1,G331029
C1=CO[N+]=C1,G418726
C1=NN=C[N+]=N1,G501947
O1POP1,G601639
C1=PP1,G355313
B1CCO1,G727304
C1=NC=[N+]N1,G535627
C1=C[Si][Si]1,G030420
C1CON1,G006558
B1BB1,G804919
B1BBB1,G292427
C1=C[N-][N+]=N1,G257306
C1=CN[N+]=N1,G607625
n1noo1,G894775
C1=CN=C1,G083239
C1=C[N+]C1,G707021
[SiH]1[SiH][SiH][SiH]1,G615904
C1=N[N+]=PS1,G543860
[c-]1cn[nH]c1,G508265
P1=[PH+][P-]1,G859172
c1cn[se]n1,G978083
C1=NCC1,G122680
C1[P+]CP1,G571121
C1PCP1,G917900
C1=P[P+]1,G109305
C1=PC[P+]1,G382284
c1cc[n-]c1,G897077
C1=CS[N+]=N1,G307052
C1[SiH2][SiH2]1,G946059
C1=C[N+]=NC=N1,G382600
C1N[IH]1,G926844
C1=C=CC=1,G636622
[C-]1=[N+]ON=C1,G507853
[C-]1=C[Si][Si]1,G625211
b1ccncc1,G766995
C1=CNC=CN1,G792652
c1cccc[n+]#1,G414194
c1cp[pH]p1,G184056
c1css1,G766444
C1=CC=CNC=C1,G406418
C1[IH][IH]1,G178427
c1c[nH][nH]1,G792109
C1=COC=CO1,G041911
C1OPO1,G126209
c1cpccp1,G924055
C1=N[N-][N+]=C1,G521987
c1n[cH-]nn1,G488652
c1c[n-]cn1,G178752
[CH-]1CC[N+]1,G689347
C1PP1,G107545
C1=[N+]CN1,G808039
C1=[N+]N[N+]=C1,G939967
c1pcpcp1,G034198
C1=CO1,G167757
C1CPO1,G701058
P1=PP1,G564143
C1=CSC=CS1,G274787
C1PCS1,G894199
[c-]1cnc[nH]1,G114418
c1ncnnn1,G238406
N1[Si]N[Si]1,G339870
O1O[SiH2]1,G436729
c1nnc[pH]1,G511366
c1cn[se]c1,G811493
c1c[n-][nH+]n1,G977852
[C-]1=[N+]CC1,G286250
[c-]1c[nH]nn1,G545061
c1c[pH]pn1,G046570
o1os1,G709450
[c-]1ccs[nH+]1,G152757
c1c[pH]nn1,G026561
[c-]1ccco1,G519066
C1=NSC1,G185591
b1cccnc1,G043888
[C-]1=CC=NC=[N+]1,G653945
C1=CC=[Si]C=C1,G310602
C1=N[N+]=CN1,G405542
b1ccccc1,G743555
[c-]1cccnc1,G636907
O1O[P+]1,G343472
c1ccppc1,G282861
c1nnn[pH]1,G677579
C1=COSO1,G298992
C1=NC=[N+][CH-]1,G312568
[C-]1=[N+]C=CO1,G443662
c1cc[s+]cc1,G823726
B1PP1,G048418
c1cp[nH]n1,G051017
p1pp[pH]p1,G820340
C1OS1,G012534
C1=CSC=CN1,G381375
c1co[nH]1,G277139
B1CBC1,G171873
C1CO[N+]1,G024967
C1=[N+]C1,G547604
[C-]1=[N+]NC=[N+]1,G842002
P1PPP1,G205580
C1=C[N+]=C[N+]=C1,G897344
C1=C[Si]=CC=[Si]1,G439746
C1=PC1,G505559
C1=CC=[Si][Si]=C1,G962231
C1=NCO1,G870553
c1cpco1,G759189
C1C[IH]C1,G892479
C1CNN1,G422059
[C-]1[PH2+][C-][PH2+]1,G476987
C1C[Se]C1,G429251
C1=CS[N+]=C1,G328034
C1NCO1,G705602
O1O[Si]1,G112633
c1c[s+]ps1,G109915
[C-]1=[N+]C=CC=[N+]1,G153960
C1C[SiH]C1,G297353
[C-]1=CN=CC=[N+]1,G650806
C1=CSC=CO1,G126776
O1[SiH][SiH]1,G591003
C1=[N+]CC1,G319217
C1=[N+]NN=N1,G817891
c1n[pH]np1,G578191
N1=NN1,G026322
C1=NC=[N+]N=N1,G924177
C1[P+]N[P+]1,G841838
[c-]1[c-][c-][cH-][c-]1,G272739
B1CBN1,G406627
C1=C[N+]=NC=[N+]1,G822448
C1OSO1,G251767
[c-]1ccnc[nH+]1,G564901
C1=N[CH-][N+]=C1,G824247
C1C[IH]1,G240096
C1=C[P+]C1,G543549
C1[Si]C[Si]1,G160651
B1B[BH-]1,G459681
C1C[Se+]1,G094197
B1NBN1,G826674
C1=CNN=[N+]1,G229003
C1N[I-][NH+]1,G788425
C1=C[N+]=CN=N1,G745825
C1#CCC1,G916750
c1nn[nH+][n-]1,G229808
[C-]1=NC=CC=[N+]1,G349236
C1=[SiH]C1,G158179
N1[Si]N[P+]1,G139665
[C-]1=[N+]NN=N1,G173737
[C-]1=[N+][CH-]C=C1,G067574
c1c#cc#cc#1,G505065
[c-]1cncnc1,G737377
[C-]1=PC=[P+]1,G557820
C1=C=N[CH-]N=1,G562329
C1[SiH][SiH]1,G829841
b1ccccn1,G618065
c1nnp[pH]1,G504706
[c-]1cccs1,G251126
C1=CNN=CN1,G024774
c1[cH-]ppp1,G708113
B1C=C1,G521617
[Si]1[Si][Si][Si]1,G161972
C1O[P+]O1,G725284
B1BC1,G719561
B1OCO1,G847368
C1O[Si]O1,G973822
O1[Si][Si]1,G012209
C1O[SiH]1,G578098
B1C=CC1,G238545
C1=CN=[N+]N=C1,G782871
[N+]1NO1,G517996
C1C[Se]1,G881744
c1cpcpc1,G529800
N1[SiH]N[SiH]1,G965684
B1=BB1,G483640
C1=NCN1,G146924
c1c[s+][n-][s+]1,G292956
O1[SiH]O[SiH]1,G765714
O1[Si]O[Si]1,G357106
[Si]1[Si][SiH]1,G472603
[Si]1[Si][Si]1,G831017
c1c[siH]ccn1,G817715
c1cn[cH-]n1,G670649
C1=CNNN=C1,G838696
C1=NC=[N+][N-]1,G289423
c1ppc[pH]1,G611656
c1c[pH]np1,G125577
C1=PCP1,G135064
b1bcccc1,G156024
C1OP1,G245574
C1C[SiH2]1,G960985
C1CSP1,G834140
B1CN1,G078778
B1OO1,G416081
[C-]1=CC=[N+]C=[N+]1,G099156
[Si]1[Si][SiH][Si]1,G086953
N1ONO1,G699030
[C-]1=C[Si]1,G234832
[Si]1[Si]P1,G524424
O1[Si]O[SiH]1,G634879
b1bcccb1,G462606
c1n[nH]cp1,G273340
C1NNP1,G317796
C1NPN1,G283411
C1=C[SiH]1,G443259
C1=NN=[N+][N-]1,G678481
[Si]1[SiH][SiH]1,G063859
c1ppp[pH]1,G160563
C1CSS1,G165128
C1=C[SiH2]1,G507794
B1OBO1,G857229
[N+]1N[P+]N1,G023147
C1C[O+]1,G731180
[C-]1=[N+]C=CS1,G481134
B1=CC1,G235716
c1ccsc#1,G746452
C1[N+]CS1,G967629
C1=[N+][Si]N1,G748638
c1cpc[nH]1,G718881
C1=CSN=[N+]1,G289018
c1c[pH]pp1,G231314
B1C[Si]N1,G477423
C1NC[Si]1,G205891
c1ppcs1,G471783
C1[N+]CN1,G852678
C1[N+]=NN1,G891642
c1cnncc#1,G963391
[C-]1=CON=[N+]1,G715619
C1[P+]C[P+]1,G660633
C1#C[N+]=CC=C1,G318336
C1[N+]CO1,G190341
P1=P[P+]1,G078156
C1[Si]P1,G368211
c1nc[s+]cn1,G696467
c1nsn[s+]1,G073897
C1=[N+]N=NN1,G310863
c1[nH]nnp1,G540467
c1c[nH]pn1,G157926
[pH]1[pH][pH][pH][pH]1,G997323
c1[cH-]ncn1,G392575
C1[N+]O1,G102685
N1NNN1,G179112
[C+]1=CC=[C-]C=C1,G518319
c1c[nH]pc1,G647658
[N+]1SS1,G204959
c1c[n-][o+]c1,G783676
C1C2CC12,G046148
C1N[N+]N1,G121838
[N+]1OO1,G721499
[c-]1cnco1,G084758
B1NPN1,G670123
c1ccncc#1,G865817
c1c[s+]ccn1,G409122
B1N[As]N1,G071198
C1CSN1,G860446
C1=CP[N+]=C1,G140983
C1OCS1,G587040
c1n[se][se+]n1,G077841
C1[SiH2]C[SiH2]1,G415271
C1=NN[N+]=N1,G909533
C1#CC1,G948557
C1=CC=[P+]C=C1,G101724
O1OSS1,G014181
C1NC[P+]1,G102065
[c-]1ccoc1,G239209
[c-]1cc[nH]c1,G362991
C1CPN1,G789856
[nH]1[nH]o1,G847949
c1nccnc#1,G219173
N1PSP1,G221260
[C-]1=[N+]NC=C1,G775372
[B-]1=CC=CC=C1,G970112
c1[n-][nH+]cp1,G359319
c1ccpnc1,G109944
C1=NCS1,G554432
C1=CPC=CN1,G342569
B1CO1,G765093
[B-]1[C-]=[N+]1,G113321
c1cco[pH]oc1,G569391
c1c[pH]cn1,G014384
c1cpppp1,G215652
C1=[N+]N=NS1,G243714
C1C[Si]N1,G818542
o1oo1,G494721
[C-]1=CO1,G042142
C1=C[N+]=NN=N1,G508722
[B-]1[NH+]CO1,G477274
C1[IH]C[IH]1,G168354
[c-]1nccc[nH+]1,G985972
C1=CO[N+]=N1,G433007
c1coooo1,G661986
N1=[N+]O1,G253415
[C-]1=CNN=[N+]1,G333669
[CH-]1CC[NH+]1,G823004
C1=N[N+]=NO1,G290758
C1=NS[N+]=C1,G378422
C1=CN=N[N+]=C1,G533863
C1=CNSN1,G628798
[C-]1CC[N+]1,G271894
C1O[SiH][SiH]1,G992360
C1[Si][Si]1,G427511
C1PPP1,G728027
C1=PP=P1,G390077
P1SPS1,G370393
[SiH2]1[SiH2][SiH2]1,G811212
C1NCS1,G401054
[pH]1ss1,G356357
N1=PN=[P+]N=P1,G284904
[cH-]1[nH][cH-][nH][nH]1,G923187
C1O[As]O1,G726042
C1PC[Se]1,G000369
B1BCC1,G250551
C1=N[Si-]=[N+]1,G381376
C1P=P1,G098002
C1=[N+][N-]N=N1,G613181
c1c[se]nn1,G633078
C1=[N+]C=[N+][CH-]1,G050075
C1=NOC=[N+]1,G689098
B1SSS1,G197477
C1=[Si]CC1,G193728
O1[As]O[As]1,G356480
C1=N[CH-]C=[N+]1,G833285
C1C[S+]1,G240792
S1SSS1,G076415
C1=[N+]OP=C1,G644020
c1ccc[c-][n+]#1,G787745
C1NP1,G673997
C1=NN1,G979151
B1PBP1,G287937
O1POS1,G667235
[c-]1cccc[nH+]1,G792119
c1nc[nH]c#1,G834859
c1coo1,G414584
c1pc[pH]p1,G593285
C1C[Si][Si]1,G322844
[CH-]1C[N+]1,G079880
C1C[P+][Si]1,G399185
C1=CS1,G542271
C1P=PP1,G979545
C1=NN=CNN1,G617976
c1cncpc1,G228261
c1c[s+]sn1,G092943
P1P[PH3]1,G445834
C1=C[N+]=CN=C1,G197585
c1cpc[cH-]1,G916910
[Si]1[SiH][SiH][SiH]1,G783558
[Si]1[SiH][Si][SiH]1,G355375
[Si]1[Si][SiH][SiH]1,G220703
[B-]1[N+]CO1,G940644
C1=C[S+]C1,G768826
B1NCN1,G487544
[C-]1=COC1,G931200
C1=NC=[N+]C=[N+]1,G558383
[B-]1=CC=CC=N1,G605679
C1C[Si]O1,G781240
C1=NC=N1,G258420
B1COC1,G396071
[C-]1[Cl+][C-][Cl+]1,G898143
C1PNP1,G871155
B1N=CN1,G317004
o1o[pH]1,G304518
[C-]1=NNC=[N+]1,G449467
C1=CONN1,G187268
C1C[N-][N+]1,G844418
C1=CNC=CN=C1,G864079
B1CCN1,G989208
C1C[As]C1,G044102
[C-]1[Cl+][Cl+]1,G964225
C1OOO1,G036514
O1O[PH+]1,G509697
[Si]1=[Si][Si]=[Si]1,G648062
C1C[N+][N+]1,G057920
c1nnon1,G052940
[se]1[se][se][se][se]1,G539707
C1=N[N+]=C[N+]=N1,G149870
[C-]1=[N+]N=CN=[N+]1,G320128
c1n[pH]pp1,G512518
C1=C[Se]C=C[Se]1,G485235
C1=C[SiH]C1,G354462
O1OOO1,G160422
c1nnnnn1,G545959
[P+]1PP1,G714427
[nH]1oo1,G042335
N1[I-][IH]1,G635158
[c-]1[nH+]ccs1,G615647
C1#CC#C1,G664370
C1[N+][N-]1,G226574
C1NS1,G068578
c1c[cH-][s+]c1,G716916
[c-]1cncs1,G922520
C1C[PH2]C1,G215688
C1=NC=[N+]O1,G020147
[Si]1[SiH2][SiH2]1,G923938
n1nn[nH]n1,G994222
[C-]1CC=[N+]1,G088881
n1pnpnp1,G555267
n1p[nH][pH][nH][pH]1,G118121
[C-]1=C[N+]=CC=[N+]1,G041066
[As]1[As][AsH]1,G540813
C1[As][As]1,G896690
[AsH]1[AsH][AsH]1,G702612
C1C[P+]1,G520943
C1#C[N+]=CC=[N+]1,G273796
c1nc[s+]s1,G052535
C1=C[N+]=C[S+]=C1,G242415
C1=NN=[N+]S1,G052632
C1NCP1,G517072
[N+]1O[N+]O1,G237330
C1P[IH]1,G161122
[nH]1os1,G831727
N1SNS1,G587059
[c+]1[c+][n-]1,G713221
[C-]1=[N+]NN=C1,G448465
C1=CSNN1,G060167
C1=CC=[Si]N=C1,G537924
C1=C[SiH2]C1,G502789
C1#CN1,G415807
N1OPO1,G779116
C1=C[S+]1,G130314
C1=CP[P+]1,G663769
c1c#c[nH]c#1,G225315
C1=CC=[N+][N+]=C1,G754541
[C-]1=COC=[N+]1,G919583
C1[N+]NP1,G806931
c1copc1,G925574
c1cosso1,G228624
[c-]1c[nH]cn1,G676270
c1ncpcp1,G114145
c1c[s+]c[nH]1,G489027
C1=NN=NC=[N+]1,G056246
C1=C[Si]=C[SiH]=C1,G348098
[C-]1=[N+]SC=N1,G389540
N1=PN=P[N+]=P1,G986729
C1N[SiH]N1,G388592
C1=NN=N1,G330605
b1ccc[nH]1,G139191
C1=PPC=PP1,G715962
C1=N[N+]=C[CH-]1,G037246
c1pc[se]p1,G624664
c1n[nH]pp1,G193932
N1[As]N[As]1,G317726
C1=NO1,G728744
o1ooso1,G624801
O1[I+]O[I+]1,G166453
o1ss1,G706513
C1C[P+]C1,G435863
c1c[n-][s+]n1,G167954
C1=CNNC=N1,G004521
N1=[Se+]N=[Se+]1,G423898
[SiH]1[SiH2][SiH2]1,G959653
c1cnoc#1,G403157
C1=C=NC=1,G314737
c1nnsn1,G113264
c1c#cccc#1,G603141
[C-]1=[N+]SC=C1,G316549
s1ss1,G518736
c1ccoc#1,G642592
C1=[N+]N1,G712248
N1[Si-][P+]1,G417951
C1=[N+][Si-]N1,G977900
B1C=[N+]O1,G696048
C1=COOO1,G876552
c1cn[pH]n1,G429006
C1[SiH]C[SiH]1,G541295
[C-]1CC1,G774706
C1[SiH][SiH2]1,G736948
B1C=NC1,G696841
C1=CN[Se]N1,G169466
C1=CP=N1,G008829
c1np[pH]p1,G852922
c1nn[n-][nH+]1,G854866
[c-]1nccs1,G057358
C1=PCC1,G139935
c1c#c[cH-]c#1,G131637
[C-]1=[N+]C=CC=N1,G805644
c1cppcp1,G655372
c1c[se+]n[se]1,G328613
c1nn[nH]p1,G888178
C1=C[CH-][N+]=C1,G531725
b1nc[nH]n1,G173012
[C-]1=N[N+]=CC=[N+]1,G319515
C1=CNOC=C1,G636192
[C-]1=CNC=[N+]1,G188992
[C-]1C[N+]1,G891640
[C-]1=CC[SH+]1,G596465
n1[s+]n[s+]n[s+]1,G951701
B1B[N+]B1,G835432
c1cc[se+]cc1,G789101
P1=PP=P1,G899547
B1C=CN1,G383777
o1[pH][pH]1,G673216
[cH-]1[cH-][cH-][cH-][cH-]1,G430859
[C-]1=[C-]CC1,G973046
c1c[s+]ncn1,G909900
C1=NSC=[N+]1,G204778
C1[Si][Si][Si]1,G247508
C1=C[NH+]1,G647279
C1=NN=[N+]O1,G722906
N1=PP1,G936892
C1=[N+]C[N+]1,G157071
[c-]1ccc[c-][o+]1,G283482
[cH-]1pppp1,G392827
C1=[SH]CC1,G949314
c1pcsp1,G372908
C1N[P+]N1,G744258
C1C[SiH2]C1,G177048
C1[N+]C[N+]1,G862664
C1=[N+][SiH]N1,G970213
c1c[se+]c[se]1,G977535
[SiH]1S[SiH]S1,G923124
C1=CN=CSC=N1,G301220
P1P[AsH]P1,G608598
C1=[N+][CH-][N+]=C1,G804921
[As]1[As][As]1,G131574
[c-]1cccn[nH+]1,G011469
[N+]1[As][N+][As]1,G553077
C1C2CC3CC1CC(C2)C3,G100674
O=C1NC(=O)c2ccccc21,G416551
